innovacion-educativa-creatividad|innovación
innovacion-sostenible-y-gestion-del-conocimiento-para-pymes|innovación
innovacion-sostenible-y-gestion-del-conocimiento-para-pymes|sostenible
gestion-de-eventos-protocolo-e-imagen-profesional|gestión
gestion-de-restaurantes-mejorando-la-experiencia-a-traves-del-menu-y-la-atencion|gestión
gestion-de-proyectos-con-enfoque-de-la-metodologia-pmi|gestión
sistema-de-gestion-de-activos.-ntc-iso-55001-2024|gestión
comp-digitales-docente-competencia-gestion-educativa|gestión
compe-digitales-docente-gestion-del-conocimiento|gestión
creacion-y-gestion-de-negocios-digitales|gestión
innovacion-sostenible-y-gestion-del-conocimiento-para-pymes|gestión
comp-digitales-docente-competencia-tecno-pedagogica|del
comp-digitales-docente-competencia-comunicativa|del
gestion-de-restaurantes-mejorando-la-experiencia-a-traves-del-menu-y-la-atencion|del
comp-digitales-docente-competencia-gestion-educativa|del
compe-digitales-docente-gestion-del-conocimiento|del
compe-digitales-docente-competencia-investigativa|del
innovacion-sostenible-y-gestion-del-conocimiento-para-pymes|del
innovacion-sostenible-y-gestion-del-conocimiento-para-pymes|conocimiento
compe-digitales-docente-gestion-del-conocimiento|conocimiento
gobierno-y-analisis-de-datos-para-la-toma-de-decisiones|para
metodologias-agiles-para-incrementar-la-productividad|para
inteligencia-artificial-generativa-para-la-productividad-laboral-unicafam|para
photoshop-una-herramienta-para-presentaciones-innovadoras|para
gimnasio-educativo-virtual-actividades-e-learning|para
power-bi-y-python-herramientas-esenciales-para-analistas|para
excel-de-basico-a-intermedio-herramienta-clave-para-la-productividad|para
innovacion-sostenible-y-gestion-del-conocimiento-para-pymes|para
innovacion-sostenible-y-gestion-del-conocimiento-para-pymes|pymes
innovacion-sostenible-y-gestion-del-conocimiento-para-pymes|economía
innovacion-sostenible-y-gestion-del-conocimiento-para-pymes|circular
gimnasio-educativo-virtual-actividades-e-learning|herramientas
power-bi-y-python-herramientas-esenciales-para-analistas|herramientas
innovacion-sostenible-y-gestion-del-conocimiento-para-pymes|herramientas
innovacion-sostenible-y-gestion-del-conocimiento-para-pymes|colaborativas
humanizacion-en-la-prestacion-de-los-servicios-de-la-salud|duración
taller-presentaciones-efectivas-con-inteligencia-artificial|duración
ingles-basico|duración
gobierno-y-analisis-de-datos-para-la-toma-de-decisiones|duración
metodologias-virtuales|duración
innovacion-educativa-creatividad|duración
metodologias-agiles-para-incrementar-la-productividad|duración
entrenamiento-deportivo-metodos-y-tendencias|duración
gimnasio-educativo-virtual-actividades-e-learning|duración
power-bi-y-python-herramientas-esenciales-para-analistas|duración
sistema-de-gestion-de-activos.-ntc-iso-55001-2024|duración
excel-de-basico-a-intermedio-herramienta-clave-para-la-productividad|duración
pensamiento-creativo|duración
actualizacion-de-niif-pyme-grupo-2|duración
inteligencia-artificial-aplicada-a-la-logistica-y-operaciones|duración
gestion-de-eventos-protocolo-e-imagen-profesional|duración
comp-digitales-docente-competencia-tecno-pedagogica|duración
desarrollodecompeteciaslectoras|duración
comp-digitales-docente-competencia-comunicativa|duración
photoshop-una-herramienta-para-presentaciones-innovadoras|duración
gestion-de-restaurantes-mejorando-la-experiencia-a-traves-del-menu-y-la-atencion|duración
diseño-de-planes-integrales-de-ejercicio-salud-y-bienestar|duración
compe-digitales-docente-competencia-investigativa|duración
entrenamiento-prueba-saber-11-madrid-cundinamarca|duración
ciberseguridad-tu-proteccion-en-el-mundo-digital|duración
marketing-educativo|duración
gimnasio-educativo-virtual-introduccion-e-learning|duración
comp-digitales-docente-competencia-gestion-educativa|duración
compe-digitales-docente-gestion-del-conocimiento|duración
creacion-y-gestion-de-negocios-digitales|duración
dominando-microsoft-365-potencia-tu-trabajo-en-la-nube|duración
docencia-universitaria|duración
soporte-vital-basico-cafam|duración
gimnasioeducativovirtual-acompanamiento-tutoria-evaluacion|duración
inteligencia-artificial-generativa-para-la-productividad-laboral-unicafam|duración
gestion-de-proyectos-con-enfoque-de-la-metodologia-pmi|duración
unicafam-microsoft-power-bi-con-inteligencia-artificial|duración
innovacion-sostenible-y-gestion-del-conocimiento-para-pymes|duración
acompanamiento-espiritual-en-procesos-de-duelo-por-perdida-de-seres-queridos|duración
humanizacion-en-la-prestacion-de-los-servicios-de-la-salud|horas
taller-presentaciones-efectivas-con-inteligencia-artificial|horas
ingles-basico|horas
gobierno-y-analisis-de-datos-para-la-toma-de-decisiones|horas
metodologias-virtuales|horas
innovacion-educativa-creatividad|horas
metodologias-agiles-para-incrementar-la-productividad|horas
entrenamiento-deportivo-metodos-y-tendencias|horas
gimnasio-educativo-virtual-actividades-e-learning|horas
power-bi-y-python-herramientas-esenciales-para-analistas|horas
sistema-de-gestion-de-activos.-ntc-iso-55001-2024|horas
excel-de-basico-a-intermedio-herramienta-clave-para-la-productividad|horas
pensamiento-creativo|horas
actualizacion-de-niif-pyme-grupo-2|horas
inteligencia-artificial-aplicada-a-la-logistica-y-operaciones|horas
gestion-de-eventos-protocolo-e-imagen-profesional|horas
comp-digitales-docente-competencia-tecno-pedagogica|horas
desarrollodecompeteciaslectoras|horas
comp-digitales-docente-competencia-comunicativa|horas
photoshop-una-herramienta-para-presentaciones-innovadoras|horas
gestion-de-restaurantes-mejorando-la-experiencia-a-traves-del-menu-y-la-atencion|horas
diseño-de-planes-integrales-de-ejercicio-salud-y-bienestar|horas
compe-digitales-docente-competencia-investigativa|horas
entrenamiento-prueba-saber-11-madrid-cundinamarca|horas
ciberseguridad-tu-proteccion-en-el-mundo-digital|horas
marketing-educativo|horas
gimnasio-educativo-virtual-introduccion-e-learning|horas
comp-digitales-docente-competencia-gestion-educativa|horas
compe-digitales-docente-gestion-del-conocimiento|horas
creacion-y-gestion-de-negocios-digitales|horas
dominando-microsoft-365-potencia-tu-trabajo-en-la-nube|horas
docencia-universitaria|horas
soporte-vital-basico-cafam|horas
gimnasioeducativovirtual-acompanamiento-tutoria-evaluacion|horas
inteligencia-artificial-generativa-para-la-productividad-laboral-unicafam|horas
gestion-de-proyectos-con-enfoque-de-la-metodologia-pmi|horas
unicafam-microsoft-power-bi-con-inteligencia-artificial|horas
innovacion-sostenible-y-gestion-del-conocimiento-para-pymes|horas
acompanamiento-espiritual-en-procesos-de-duelo-por-perdida-de-seres-queridos|horas
humanizacion-en-la-prestacion-de-los-servicios-de-la-salud|precio
taller-presentaciones-efectivas-con-inteligencia-artificial|precio
ingles-basico|precio
gobierno-y-analisis-de-datos-para-la-toma-de-decisiones|precio
metodologias-virtuales|precio
innovacion-educativa-creatividad|precio
metodologias-agiles-para-incrementar-la-productividad|precio
entrenamiento-deportivo-metodos-y-tendencias|precio
gimnasio-educativo-virtual-actividades-e-learning|precio
power-bi-y-python-herramientas-esenciales-para-analistas|precio
sistema-de-gestion-de-activos.-ntc-iso-55001-2024|precio
excel-de-basico-a-intermedio-herramienta-clave-para-la-productividad|precio
actualizacion-de-niif-pyme-grupo-2|precio
inteligencia-artificial-aplicada-a-la-logistica-y-operaciones|precio
gestion-de-eventos-protocolo-e-imagen-profesional|precio
comp-digitales-docente-competencia-tecno-pedagogica|precio
desarrollodecompeteciaslectoras|precio
comp-digitales-docente-competencia-comunicativa|precio
gestion-de-restaurantes-mejorando-la-experiencia-a-traves-del-menu-y-la-atencion|precio
diseño-de-planes-integrales-de-ejercicio-salud-y-bienestar|precio
compe-digitales-docente-competencia-investigativa|precio
entrenamiento-prueba-saber-11-madrid-cundinamarca|precio
ciberseguridad-tu-proteccion-en-el-mundo-digital|precio
marketing-educativo|precio
gimnasio-educativo-virtual-introduccion-e-learning|precio
comp-digitales-docente-competencia-gestion-educativa|precio
compe-digitales-docente-gestion-del-conocimiento|precio
creacion-y-gestion-de-negocios-digitales|precio
dominando-microsoft-365-potencia-tu-trabajo-en-la-nube|precio
docencia-universitaria|precio
soporte-vital-basico-cafam|precio
gimnasioeducativovirtual-acompanamiento-tutoria-evaluacion|precio
inteligencia-artificial-generativa-para-la-productividad-laboral-unicafam|precio
gestion-de-proyectos-con-enfoque-de-la-metodologia-pmi|precio
unicafam-microsoft-power-bi-con-inteligencia-artificial|precio
innovacion-sostenible-y-gestion-del-conocimiento-para-pymes|precio
acompanamiento-espiritual-en-procesos-de-duelo-por-perdida-de-seres-queridos|precio
metodologias-agiles-para-incrementar-la-productividad|metodologías
metodologias-virtuales|metodologías
metodologias-agiles-para-incrementar-la-productividad|giles
metodologias-agiles-para-incrementar-la-productividad|incrementar
metodologias-agiles-para-incrementar-la-productividad|productividad
inteligencia-artificial-generativa-para-la-productividad-laboral-unicafam|productividad
excel-de-basico-a-intermedio-herramienta-clave-para-la-productividad|productividad
ciberseguridad-tu-proteccion-en-el-mundo-digital|ciberseguridad
dominando-microsoft-365-potencia-tu-trabajo-en-la-nube|tu
ciberseguridad-tu-proteccion-en-el-mundo-digital|tu
ciberseguridad-tu-proteccion-en-el-mundo-digital|protección
humanizacion-en-la-prestacion-de-los-servicios-de-la-salud|en
gimnasioeducativovirtual-acompanamiento-tutoria-evaluacion|en
ciberseguridad-tu-proteccion-en-el-mundo-digital|en
dominando-microsoft-365-potencia-tu-trabajo-en-la-nube|en
acompanamiento-espiritual-en-procesos-de-duelo-por-perdida-de-seres-queridos|en
ciberseguridad-tu-proteccion-en-el-mundo-digital|mundo
ciberseguridad-tu-proteccion-en-el-mundo-digital|digital
entrenamiento-prueba-saber-11-madrid-cundinamarca|entrenamiento
entrenamiento-deportivo-metodos-y-tendencias|entrenamiento
entrenamiento-deportivo-metodos-y-tendencias|deportivo
entrenamiento-deportivo-metodos-y-tendencias|métodos
gimnasio-educativo-virtual-introduccion-e-learning|tendencias
entrenamiento-deportivo-metodos-y-tendencias|tendencias
diseño-de-planes-integrales-de-ejercicio-salud-y-bienestar|diseño
diseño-de-planes-integrales-de-ejercicio-salud-y-bienestar|planes
diseño-de-planes-integrales-de-ejercicio-salud-y-bienestar|integrales
diseño-de-planes-integrales-de-ejercicio-salud-y-bienestar|ejercicio
humanizacion-en-la-prestacion-de-los-servicios-de-la-salud|salud
diseño-de-planes-integrales-de-ejercicio-salud-y-bienestar|salud
diseño-de-planes-integrales-de-ejercicio-salud-y-bienestar|bienestar
inteligencia-artificial-aplicada-a-la-logistica-y-operaciones|inteligencia
inteligencia-artificial-generativa-para-la-productividad-laboral-unicafam|inteligencia
taller-presentaciones-efectivas-con-inteligencia-artificial|inteligencia
unicafam-microsoft-power-bi-con-inteligencia-artificial|inteligencia
inteligencia-artificial-aplicada-a-la-logistica-y-operaciones|artificial
inteligencia-artificial-generativa-para-la-productividad-laboral-unicafam|artificial
taller-presentaciones-efectivas-con-inteligencia-artificial|artificial
unicafam-microsoft-power-bi-con-inteligencia-artificial|artificial
inteligencia-artificial-aplicada-a-la-logistica-y-operaciones|aplicada
inteligencia-artificial-aplicada-a-la-logistica-y-operaciones|logística
inteligencia-artificial-aplicada-a-la-logistica-y-operaciones|operaciones
humanizacion-en-la-prestacion-de-los-servicios-de-la-salud|humanización
humanizacion-en-la-prestacion-de-los-servicios-de-la-salud|prestación
humanizacion-en-la-prestacion-de-los-servicios-de-la-salud|los
humanizacion-en-la-prestacion-de-los-servicios-de-la-salud|servicios
gestion-de-eventos-protocolo-e-imagen-profesional|eventos
gestion-de-eventos-protocolo-e-imagen-profesional|protocolo
gestion-de-eventos-protocolo-e-imagen-profesional|imagen
gestion-de-eventos-protocolo-e-imagen-profesional|profesional
power-bi-y-python-herramientas-esenciales-para-analistas|power
unicafam-microsoft-power-bi-con-inteligencia-artificial|power
power-bi-y-python-herramientas-esenciales-para-analistas|bi
unicafam-microsoft-power-bi-con-inteligencia-artificial|bi
power-bi-y-python-herramientas-esenciales-para-analistas|python
power-bi-y-python-herramientas-esenciales-para-analistas|esenciales
power-bi-y-python-herramientas-esenciales-para-analistas|analistas
dominando-microsoft-365-potencia-tu-trabajo-en-la-nube|dominando
dominando-microsoft-365-potencia-tu-trabajo-en-la-nube|microsoft
unicafam-microsoft-power-bi-con-inteligencia-artificial|microsoft
dominando-microsoft-365-potencia-tu-trabajo-en-la-nube|potencia
dominando-microsoft-365-potencia-tu-trabajo-en-la-nube|trabajo
dominando-microsoft-365-potencia-tu-trabajo-en-la-nube|nube
gimnasioeducativovirtual-acompanamiento-tutoria-evaluacion|acompañamiento
acompanamiento-espiritual-en-procesos-de-duelo-por-perdida-de-seres-queridos|acompañamiento
acompanamiento-espiritual-en-procesos-de-duelo-por-perdida-de-seres-queridos|espiritual
acompanamiento-espiritual-en-procesos-de-duelo-por-perdida-de-seres-queridos|procesos
acompanamiento-espiritual-en-procesos-de-duelo-por-perdida-de-seres-queridos|duelo
gimnasioeducativovirtual-acompanamiento-tutoria-evaluacion|por
acompanamiento-espiritual-en-procesos-de-duelo-por-perdida-de-seres-queridos|por
acompanamiento-espiritual-en-procesos-de-duelo-por-perdida-de-seres-queridos|pérdida
acompanamiento-espiritual-en-procesos-de-duelo-por-perdida-de-seres-queridos|seres
acompanamiento-espiritual-en-procesos-de-duelo-por-perdida-de-seres-queridos|queridos
soporte-vital-basico-cafam|soporte
soporte-vital-basico-cafam|vital
ingles-basico|básico
excel-de-basico-a-intermedio-herramienta-clave-para-la-productividad|básico
soporte-vital-basico-cafam|básico
excel-de-basico-a-intermedio-herramienta-clave-para-la-productividad|excel
excel-de-basico-a-intermedio-herramienta-clave-para-la-productividad|intermedio
photoshop-una-herramienta-para-presentaciones-innovadoras|herramienta
excel-de-basico-a-intermedio-herramienta-clave-para-la-productividad|herramienta
excel-de-basico-a-intermedio-herramienta-clave-para-la-productividad|clave
gestion-de-proyectos-con-enfoque-de-la-metodologia-pmi|proyectos
desarrollodecompeteciaslectoras|con
taller-presentaciones-efectivas-con-inteligencia-artificial|con
marketing-educativo|con
gestion-de-proyectos-con-enfoque-de-la-metodologia-pmi|con
unicafam-microsoft-power-bi-con-inteligencia-artificial|con
gestion-de-proyectos-con-enfoque-de-la-metodologia-pmi|enfoque
gestion-de-proyectos-con-enfoque-de-la-metodologia-pmi|metodología
gestion-de-proyectos-con-enfoque-de-la-metodologia-pmi|pmi
actualizacion-de-niif-pyme-grupo-2|actualización
actualizacion-de-niif-pyme-grupo-2|niif
actualizacion-de-niif-pyme-grupo-2|pyme
actualizacion-de-niif-pyme-grupo-2|grupo
gobierno-y-analisis-de-datos-para-la-toma-de-decisiones|gobierno
gobierno-y-analisis-de-datos-para-la-toma-de-decisiones|análisis
gobierno-y-analisis-de-datos-para-la-toma-de-decisiones|datos
gobierno-y-analisis-de-datos-para-la-toma-de-decisiones|toma
gobierno-y-analisis-de-datos-para-la-toma-de-decisiones|decisiones
gestion-de-restaurantes-mejorando-la-experiencia-a-traves-del-menu-y-la-atencion|restaurantes
gestion-de-restaurantes-mejorando-la-experiencia-a-traves-del-menu-y-la-atencion|mejorando
gestion-de-restaurantes-mejorando-la-experiencia-a-traves-del-menu-y-la-atencion|experiencia
gestion-de-restaurantes-mejorando-la-experiencia-a-traves-del-menu-y-la-atencion|través
gestion-de-restaurantes-mejorando-la-experiencia-a-traves-del-menu-y-la-atencion|menú
gestion-de-restaurantes-mejorando-la-experiencia-a-traves-del-menu-y-la-atencion|atención
sistema-de-gestion-de-activos.-ntc-iso-55001-2024|sistema
sistema-de-gestion-de-activos.-ntc-iso-55001-2024|activos
sistema-de-gestion-de-activos.-ntc-iso-55001-2024|ntc
sistema-de-gestion-de-activos.-ntc-iso-55001-2024|iso
gimnasio-educativo-virtual-actividades-e-learning|creación
creacion-y-gestion-de-negocios-digitales|creación
creacion-y-gestion-de-negocios-digitales|negocios
comp-digitales-docente-competencia-tecno-pedagogica|digitales
comp-digitales-docente-competencia-comunicativa|digitales
comp-digitales-docente-competencia-gestion-educativa|digitales
compe-digitales-docente-gestion-del-conocimiento|digitales
compe-digitales-docente-competencia-investigativa|digitales
creacion-y-gestion-de-negocios-digitales|digitales
taller-presentaciones-efectivas-con-inteligencia-artificial|presentaciones
photoshop-una-herramienta-para-presentaciones-innovadoras|presentaciones
taller-presentaciones-efectivas-con-inteligencia-artificial|efectivas
ingles-basico|inglés
entrenamiento-prueba-saber-11-madrid-cundinamarca|prueba
entrenamiento-prueba-saber-11-madrid-cundinamarca|saber
entrenamiento-prueba-saber-11-madrid-cundinamarca|madrid
entrenamiento-prueba-saber-11-madrid-cundinamarca|cundinamarca
inteligencia-artificial-generativa-para-la-productividad-laboral-unicafam|generativa
inteligencia-artificial-generativa-para-la-productividad-laboral-unicafam|laboral
comp-digitales-docente-competencia-tecno-pedagogica|competencias
desarrollodecompeteciaslectoras|competencias
comp-digitales-docente-competencia-comunicativa|competencias
comp-digitales-docente-competencia-gestion-educativa|competencias
compe-digitales-docente-gestion-del-conocimiento|competencias
compe-digitales-docente-competencia-investigativa|competencias
comp-digitales-docente-competencia-tecno-pedagogica|docente
comp-digitales-docente-competencia-comunicativa|docente
comp-digitales-docente-competencia-gestion-educativa|docente
compe-digitales-docente-gestion-del-conocimiento|docente
compe-digitales-docente-competencia-investigativa|docente
comp-digitales-docente-competencia-tecno-pedagogica|competencia
comp-digitales-docente-competencia-comunicativa|competencia
comp-digitales-docente-competencia-gestion-educativa|competencia
compe-digitales-docente-gestion-del-conocimiento|competencia
compe-digitales-docente-competencia-investigativa|competencia
comp-digitales-docente-competencia-tecno-pedagogica|tecno
comp-digitales-docente-competencia-tecno-pedagogica|pedagógica
innovacion-educativa-creatividad|educativa
comp-digitales-docente-competencia-gestion-educativa|educativa
comp-digitales-docente-competencia-comunicativa|comunicativa
compe-digitales-docente-competencia-investigativa|investigativa
marketing-educativo|marketing
gimnasio-educativo-virtual-actividades-e-learning|educativo
gimnasio-educativo-virtual-introduccion-e-learning|educativo
gimnasioeducativovirtual-acompanamiento-tutoria-evaluacion|educativo
marketing-educativo|educativo
desarrollodecompeteciaslectoras|alianza
marketing-educativo|alianza
desarrollodecompeteciaslectoras|santillana
marketing-educativo|santillana
gimnasio-educativo-virtual-actividades-e-learning|gimnasio
gimnasio-educativo-virtual-introduccion-e-learning|gimnasio
gimnasioeducativovirtual-acompanamiento-tutoria-evaluacion|gimnasio
gimnasio-educativo-virtual-actividades-e-learning|virtual
gimnasio-educativo-virtual-introduccion-e-learning|virtual
gimnasioeducativovirtual-acompanamiento-tutoria-evaluacion|virtual
gimnasioeducativovirtual-acompanamiento-tutoria-evaluacion|tutoría
gimnasioeducativovirtual-acompanamiento-tutoria-evaluacion|evaluación
gimnasioeducativovirtual-acompanamiento-tutoria-evaluacion|educación
gimnasioeducativovirtual-acompanamiento-tutoria-evaluacion|mediada
gimnasioeducativovirtual-acompanamiento-tutoria-evaluacion|tic
gimnasio-educativo-virtual-actividades-e-learning|prácticas
gimnasio-educativo-virtual-actividades-e-learning|actividades
gimnasio-educativo-virtual-actividades-e-learning|learning
gimnasio-educativo-virtual-introduccion-e-learning|learning
gimnasio-educativo-virtual-introduccion-e-learning|introducción
gimnasio-educativo-virtual-introduccion-e-learning|al
gimnasio-educativo-virtual-introduccion-e-learning|pedagógicas
docencia-universitaria|docencia
docencia-universitaria|universitaria
innovacion-educativa-creatividad|creatividad
desarrollodecompeteciaslectoras|desarrollo
desarrollodecompeteciaslectoras|lectoras
metodologias-virtuales|virtuales
metodologias-virtuales|nuevas
metodologias-virtuales|interacciones
metodologias-virtuales|otras
metodologias-virtuales|experiencias
pensamiento-creativo|pensamiento
pensamiento-creativo|creativo
photoshop-una-herramienta-para-presentaciones-innovadoras|gratuito
pensamiento-creativo|gratuito
photoshop-una-herramienta-para-presentaciones-innovadoras|photoshop
photoshop-una-herramienta-para-presentaciones-innovadoras|innovadoras
