transformaciones-del-orden-de-genero-individuo-e-individualidad|género
transformaciones-del-orden-de-genero-individuo-e-individualidad|orden
transformaciones-del-orden-de-genero-individuo-e-individualidad|individuo
transformaciones-del-orden-de-genero-individuo-e-individualidad|social
transformaciones-del-orden-de-genero-individuo-e-individualidad|sexualidad
transformaciones-del-orden-de-genero-individuo-e-individualidad|propia
mapear-analizar-y-comprender-sistematizacion-de-informacion-con-nvivo|sistematización
mapear-analizar-y-comprender-sistematizacion-de-informacion-con-nvivo|información
mapear-analizar-y-comprender-sistematizacion-de-informacion-con-nvivo|nvivo
mapear-analizar-y-comprender-sistematizacion-de-informacion-con-nvivo|análisis
mapear-analizar-y-comprender-sistematizacion-de-informacion-con-nvivo|proceso
unicafam-microsoft-power-bi-con-inteligencia-artificial|datos
mapear-analizar-y-comprender-sistematizacion-de-informacion-con-nvivo|datos
ia-en-salud|datos
gestión-juridica-y-actualizacion-sobre-estabilidad-laboral-reforzada|gestión
alta-gerencia-de-negocios-gastronomicos-medellin|gestión
alta-gerencia-de-negocios-gastronomicos-medellin|negocios
alta-gerencia-de-negocios-gastronomicos-medellin|restaurantes
alta-gerencia-de-negocios-gastronomicos-medellin|taller
alta-gerencia-de-negocios-gastronomicos-medellin|negocio
alta-gerencia-de-negocios-gastronomicos-medellin|plan
inteligencia-artificial-para-odontologos-eje-cafetero|ia
diseñar-con-ia-arquitectura-e-interiorismo-del-futuro|ia
ia-en-salud|ia
ia-en-salud|salud
ia-en-salud|modelos
ia-en-salud|clínicos
ia-en-salud|diferentes
proyectos-que-cuentan-formulacion-de-propuestas-artisticas-y-culturales|investigación
proyectos-que-cuentan-formulacion-de-propuestas-artisticas-y-culturales|culturales
proyectos-que-cuentan-formulacion-de-propuestas-artisticas-y-culturales|proyectos
proyectos-que-cuentan-formulacion-de-propuestas-artisticas-y-culturales|formulación
proyectos-que-cuentan-formulacion-de-propuestas-artisticas-y-culturales|asistencia
diseñar-con-ia-arquitectura-e-interiorismo-del-futuro|asistencia
entre-memoria-y-esperanza-caminos-biblicos-para-la-reconciliacion|asistencia
indicadores-sociales-metodos-evidencia-y-contexto|asistencia
proyectos-que-cuentan-formulacion-de-propuestas-artisticas-y-culturales|desarrollar
indicadores-sociales-metodos-evidencia-y-contexto|indicadores
indicadores-sociales-metodos-evidencia-y-contexto|sociales
indicadores-sociales-metodos-evidencia-y-contexto|técnicos
indicadores-sociales-metodos-evidencia-y-contexto|fuentes
indicadores-sociales-metodos-evidencia-y-contexto|verificación
inteligencia-artificial-para-odontologos-eje-cafetero|odontología
inteligencia-artificial-para-odontologos-eje-cafetero|tema
inteligencia-artificial-para-odontologos-eje-cafetero|aplicaciones
unicafam-microsoft-power-bi-con-inteligencia-artificial|inteligencia
inteligencia-artificial-para-odontologos-eje-cafetero|inteligencia
inteligencia-artificial-para-odontologos-eje-cafetero|artificial
diseñar-con-ia-arquitectura-e-interiorismo-del-futuro|arquitectura
diseñar-con-ia-arquitectura-e-interiorismo-del-futuro|interiorismo
diseñar-con-ia-arquitectura-e-interiorismo-del-futuro|comunicación
diseñar-con-ia-arquitectura-e-interiorismo-del-futuro|diseñar
vitalmente-plenos-lo-mejor-comienza-despues-de-los-50|educación
vitalmente-plenos-lo-mejor-comienza-despues-de-los-50|decreto
vitalmente-plenos-lo-mejor-comienza-despues-de-los-50|fomentar
vitalmente-plenos-lo-mejor-comienza-despues-de-los-50|través
vitalmente-plenos-lo-mejor-comienza-despues-de-los-50|cultural
vitalmente-plenos-lo-mejor-comienza-despues-de-los-50|experiencias
entre-memoria-y-esperanza-caminos-biblicos-para-la-reconciliacion|reconciliación
entre-memoria-y-esperanza-caminos-biblicos-para-la-reconciliacion|memoria
entre-memoria-y-esperanza-caminos-biblicos-para-la-reconciliacion|bíblicos
entre-memoria-y-esperanza-caminos-biblicos-para-la-reconciliacion|comprensión
entre-memoria-y-esperanza-caminos-biblicos-para-la-reconciliacion|comunitaria
derecho-penal-canonico|canónico
derecho-penal-canonico|libro
derecho-penal-canonico|derecho
derecho-penal-canonico|vi
derecho-penal-canonico|cic
derecho-penal-canonico|estudio
gestión-juridica-y-actualizacion-sobre-estabilidad-laboral-reforzada|estabilidad
gestión-juridica-y-actualizacion-sobre-estabilidad-laboral-reforzada|laboral
gestión-juridica-y-actualizacion-sobre-estabilidad-laboral-reforzada|reforzada
gestión-juridica-y-actualizacion-sobre-estabilidad-laboral-reforzada|jurídica
gestión-juridica-y-actualizacion-sobre-estabilidad-laboral-reforzada|actualización
actualidad-en-pensiones-reforma-y-jurisprudencia-relevante|pensiones
actualidad-en-pensiones-reforma-y-jurisprudencia-relevante|sistema
actualidad-en-pensiones-reforma-y-jurisprudencia-relevante|aspectos
actualidad-en-pensiones-reforma-y-jurisprudencia-relevante|regímenes
actualidad-en-pensiones-reforma-y-jurisprudencia-relevante|pensional
actualidad-en-pensiones-reforma-y-jurisprudencia-relevante|temas
unicafam-microsoft-power-bi-con-inteligencia-artificial|power
unicafam-microsoft-power-bi-con-inteligencia-artificial|bi
unicafam-microsoft-power-bi-con-inteligencia-artificial|informes
unicafam-microsoft-power-bi-con-inteligencia-artificial|dax
